modality,wavelength,importance
msi_satellite,443.0,0.010223216904845265
msi_satellite,490.0,0.010292481682535668
msi_satellite,560.0,0.010994135396246196
msi_satellite,665.0,0.009863222233240666
msi_satellite,705.0,0.00886351158572161
msi_satellite,740.0,0.011434473344018724
msi_satellite,783.0,0.008704996309074868
msi_satellite,842.0,0.008722125668853352
msi_satellite,865.0,0.00935842176283214
msi_satellite,945.0,0.01671427592241573
msi_satellite,1610.0,0.007859122371858355
msi_satellite,2190.0,0.010070304018032467
hsi_satellite,402.4402,0.001004157462476112
hsi_satellite,411.31638,0.0008873566944976969
hsi_satellite,419.3725,0.0009082525737873141
hsi_satellite,426.96744,0.0010200559162055196
hsi_satellite,434.3084,0.0010509873100695791
hsi_satellite,441.6589,0.000816673124616077
hsi_satellite,449.03363,0.0008367935976339406
hsi_satellite,456.37735,0.0008625845379993225
hsi_satellite,463.731,0.0008538872960740641
hsi_satellite,470.94888,0.0008208577273328407
hsi_satellite,478.1763,0.0007893239939620987
hsi_satellite,485.4096,0.0008181437176057275
hsi_satellite,492.69992,0.0007959728930491827
hsi_satellite,500.13724,0.0007547350526354339
hsi_satellite,507.66315,0.0007770379841528146
hsi_satellite,515.1758,0.0007904021402702399
hsi_satellite,522.9162,0.0007182430921512412
hsi_satellite,530.66705,0.000681921956680642
hsi_satellite,538.48706,0.0006511773206698808
hsi_satellite,546.48,0.0006008320664665254
hsi_satellite,554.5646,0.0005529064050963425
hsi_satellite,562.7366,0.0005160207969831893
hsi_satellite,571.0028,0.0004876461376927165
hsi_satellite,579.3517,0.0004800012591731891
hsi_satellite,587.82355,0.00048705428064506914
hsi_satellite,596.4751,0.0004842205076251859
hsi_satellite,605.3912,0.0004925532729641549
hsi_satellite,614.1723,0.0005028321760747456
hsi_satellite,623.1971,0.0005408158638191459
hsi_satellite,632.13165,0.0005387142995111878
hsi_satellite,641.33325,0.0005543820190303007
hsi_satellite,650.7905,0.0005855221115043481
hsi_satellite,660.2636,0.0005965970773736601
hsi_satellite,669.8167,0.0006134873437585905
hsi_satellite,679.4728,0.0006159166299687432
hsi_satellite,689.42084,0.0005482818781112606
hsi_satellite,699.0959,0.0004971008424625014
hsi_satellite,708.99664,0.0003767239788968874
hsi_satellite,719.17224,0.0003256475758607375
hsi_satellite,729.2445,0.0004158182286723865
hsi_satellite,739.41754,0.00043136930277742387
hsi_satellite,749.7307,0.000438370089997155
hsi_satellite,760.0969,0.0004482638967905996
hsi_satellite,770.5285,0.0004971237259746111
hsi_satellite,780.9124,0.000461209201253505
hsi_satellite,791.3616,0.00045933565394859266
hsi_satellite,801.9366,0.0004465279955667256
hsi_satellite,812.53986,0.0004413887987712955
hsi_satellite,823.1458,0.0004567399278113519
hsi_satellite,833.75134,0.00046052240790089226
hsi_satellite,844.4271,0.00045147175966051743
hsi_satellite,855.1821,0.00044021434990327966
hsi_satellite,865.9494,0.0004385227692711054
hsi_satellite,876.6408,0.00043508531061300237
hsi_satellite,887.26587,0.0004241400030919217
hsi_satellite,897.9865,0.00042194010393332813
hsi_satellite,908.644,0.00042547319106800755
hsi_satellite,919.1763,0.0004244090272779807
hsi_satellite,929.3855,0.0006319273328517363
hsi_satellite,939.86005,0.0007931251585240936
hsi_satellite,942.9579,0.0005664530124376176
hsi_satellite,951.0114,0.0005683179709021926
hsi_satellite,959.52203,0.0005261077406396778
hsi_satellite,969.38995,0.00042371598145539327
hsi_satellite,978.7377,0.0003920075529394559
hsi_satellite,988.41156,0.00039282513658066146
hsi_satellite,998.37494,0.00040441126910328737
hsi_satellite,1008.1683,0.0003957067215571881
hsi_satellite,1017.9846,0.0003957847917285047
hsi_satellite,1028.8063,0.0004414208030507961
hsi_satellite,1037.7646,0.0004638002171564497
hsi_satellite,1047.4312,0.0004556857477157987
hsi_satellite,1057.3804,0.00044510287063416845
hsi_satellite,1067.61,0.0004555553791248601
hsi_satellite,1078.0391,0.00045043634861525507
hsi_satellite,1088.5898,0.00042185413932129424
hsi_satellite,1099.1083,0.0004382909822934672
hsi_satellite,1109.7408,0.000755275078224117
hsi_satellite,1120.4946,0.0007932868151449259
hsi_satellite,1131.1431,0.0005969672876596328
hsi_satellite,1141.8737,0.0005148382186695518
hsi_satellite,1152.4716,0.00040910851746091655
hsi_satellite,1163.4841,0.00035392330381363107
hsi_satellite,1174.5258,0.0003809601171957819
hsi_satellite,1185.398,0.0004298507502649434
hsi_satellite,1196.1748,0.00043678351525672395
hsi_satellite,1207.1149,0.00037940506709565214
hsi_satellite,1217.6959,0.0003985880056283167
hsi_satellite,1228.9989,0.0003961803734575722
hsi_satellite,1240.0568,0.00038918014048254724
hsi_satellite,1250.7955,0.00035671547964774504
hsi_satellite,1262.3344,0.00038076457920209304
hsi_satellite,1273.3064,0.0003838508756399059
hsi_satellite,1284.2795,0.0004236861815684623
hsi_satellite,1295.1967,0.000395221410497039
hsi_satellite,1306.0472,0.0004232572073053065
hsi_satellite,1317.0177,0.0004268602650242709
hsi_satellite,1328.0897,0.0005567066587421262
hsi_satellite,1338.9463,0.0031233323673180826
hsi_satellite,1349.599,0.0006826267976503054
hsi_satellite,1360.8427,0.0006958066208476783
hsi_satellite,1372.719,0.0007000481916801834
hsi_satellite,1383.0083,0.0006924904102273068
hsi_satellite,1394.5247,0.0006897690354855613
hsi_satellite,1405.3883,0.0007240472644505794
hsi_satellite,1416.3103,0.0007110580993710266
hsi_satellite,1427.1056,0.0006994972644501173
hsi_satellite,1438.1699,0.0007456472925197984
hsi_satellite,1448.9209,0.0009309441164823524
hsi_satellite,1459.0675,0.000991738665497583
hsi_satellite,1469.7003,0.0007397242996203129
hsi_satellite,1480.6201,0.0005564575463802494
hsi_satellite,1491.1978,0.00047242766885410587
hsi_satellite,1501.7793,0.0004450574747139261
hsi_satellite,1512.4137,0.0004506559958440983
hsi_satellite,1523.0071,0.00044682877002898125
hsi_satellite,1533.5645,0.00042664848154278564
hsi_satellite,1544.0302,0.0004181672189222464
hsi_satellite,1554.5801,0.00041181115814095166
hsi_satellite,1565.1215,0.00040066089215073036
hsi_satellite,1575.3931,0.00038960769958500043
hsi_satellite,1585.6315,0.0003950623281231074
hsi_satellite,1595.9795,0.0004090532549725651
hsi_satellite,1606.2433,0.00040640396920323796
hsi_satellite,1616.584,0.0004140563289488955
hsi_satellite,1626.7812,0.0004174214153860337
hsi_satellite,1636.8546,0.0004168648863737671
hsi_satellite,1646.9728,0.0004102018830222505
hsi_satellite,1656.7723,0.00039550519284802074
hsi_satellite,1666.9666,0.00039443374506684613
hsi_satellite,1677.1246,0.00038676037684375216
hsi_satellite,1687.1718,0.0003860465901098454
hsi_satellite,1697.0093,0.0003790410587238474
hsi_satellite,1706.8075,0.0003812378604652471
hsi_satellite,1716.5975,0.00039171933466583916
hsi_satellite,1726.4375,0.00041275884762612564
hsi_satellite,1736.2556,0.00040353992174307674
hsi_satellite,1745.9294,0.00040651545298983367
hsi_satellite,1755.549,0.00043195884085871385
hsi_satellite,1765.2532,0.0004438629997944851
hsi_satellite,1774.9093,0.0004578649911529679
hsi_satellite,1784.4419,0.000587570648851478
hsi_satellite,1793.6891,0.0006341444660639691
hsi_satellite,1803.366,0.0006586539272375737
hsi_satellite,1812.8206,0.0006840101327687466
hsi_satellite,1822.1488,0.0006871143540118651
hsi_satellite,1831.7412,0.0007666478457912259
hsi_satellite,1841.0494,0.0007243577212393166
hsi_satellite,1850.2787,0.000683156071785064
hsi_satellite,1859.2976,0.0007289139983968592
hsi_satellite,1868.0181,0.0006817982388038962
hsi_satellite,1878.4633,0.0006804528036617236
hsi_satellite,1886.8109,0.0006685203042344852
hsi_satellite,1895.8464,0.0007884509560101986
hsi_satellite,1904.6282,0.0008546464485959546
hsi_satellite,1914.0479,0.0009421915969538219
hsi_satellite,1923.0891,0.0010090973059955757
hsi_satellite,1931.9916,0.0010861232323557816
hsi_satellite,1940.8306,0.001334729086468946
hsi_satellite,1949.639,0.0028128422812448905
hsi_satellite,1958.3706,0.0005190231165136079
hsi_satellite,1967.059,0.000550063776787356
hsi_satellite,1975.7814,0.0005606512500728434
hsi_satellite,1984.5479,0.0005541296657434905
hsi_satellite,1993.2886,0.002119225425367969
hsi_satellite,2001.8428,0.001026755523145281
hsi_satellite,2010.4103,0.0006073511572803815
hsi_satellite,2019.0496,0.00045879645424073013
hsi_satellite,2027.476,0.00044890761584859626
hsi_satellite,2035.9952,0.00040045728765938747
hsi_satellite,2044.4224,0.00037460007936258324
hsi_satellite,2052.7573,0.00036754779502777573
hsi_satellite,2061.138,0.0004236177265430022
hsi_satellite,2069.5388,0.00038217829134377224
hsi_satellite,2077.7517,0.00038922132894929655
hsi_satellite,2086.1008,0.00044457615544376097
hsi_satellite,2094.4077,0.0004333006405508891
hsi_satellite,2102.548,0.0003890589472771822
hsi_satellite,2110.8167,0.00039610328582078476
hsi_satellite,2118.9553,0.00041977538263094076
hsi_satellite,2127.094,0.0004202421662191758
hsi_satellite,2135.2354,0.00041100429081155466
hsi_satellite,2143.2258,0.0004492871672497895
hsi_satellite,2151.1257,0.0005018359164531576
hsi_satellite,2159.2878,0.00043441007387935243
hsi_satellite,2167.2524,0.00036937909011491724
hsi_satellite,2175.0713,0.0004497835773865342
hsi_satellite,2183.1833,0.0004564016148012208
hsi_satellite,2190.8354,0.000411591167288373
hsi_satellite,2198.887,0.00039133951147308046
hsi_satellite,2206.5977,0.0004790732618724352
hsi_satellite,2214.3416,0.00043413837962216084
hsi_satellite,2222.1929,0.00040257858318981947
hsi_satellite,2229.7532,0.0003843574683260848
hsi_satellite,2237.6477,0.0004211494079350483
hsi_satellite,2245.2136,0.0003896395982869928
hsi_satellite,2252.8484,0.0003743318291017043
hsi_satellite,2260.628,0.00039088823220211955
hsi_satellite,2268.0422,0.0004423849978210237
hsi_satellite,2275.7695,0.000394914902731466
hsi_satellite,2283.2751,0.0004046022295514826
hsi_satellite,2290.573,0.00048176535774974616
hsi_satellite,2298.335,0.0004898381443615349
hsi_satellite,2305.5022,0.0004385057623414625
hsi_satellite,2312.912,0.00044378642110383154
hsi_satellite,2320.6401,0.000493634616715406
hsi_satellite,2327.607,0.0004816461190418987
hsi_satellite,2335.236,0.00047163080862509593
hsi_satellite,2342.5889,0.0005614079926318395
hsi_satellite,2349.5752,0.0005758125274106843
hsi_satellite,2357.0225,0.0004796981098659064
hsi_satellite,2364.3708,0.0004519162085273274
hsi_satellite,2371.3364,0.0005535128849951039
hsi_satellite,2378.5095,0.000459814904017066
hsi_satellite,2385.8086,0.0004662924620248333
hsi_satellite,2392.8418,0.0005160215456095497
hsi_satellite,2399.801,0.0005310921144982362
hsi_satellite,2407.3386,0.0005780570338380924
hsi_satellite,2414.1565,0.0008974648346372347
hsi_satellite,2420.9873,0.0005786092260096952
hsi_satellite,2428.4001,0.0007921836480471507
hsi_satellite,2435.327,0.000951640257899101
hsi_satellite,2442.1877,0.0009733437109351274
hsi_satellite,2448.9236,0.0012987755775915532
hsi_satellite,2456.3296,0.000822756918546205
hsi_satellite,2462.813,0.0014420954208457344
hsi_satellite,2469.4155,0.003385286244049256
hsi_satellite,2476.7913,0.0025415246242923625
hsi_satellite,2483.5906,0.0013207331220387495
hsi_satellite,2490.028,0.001807483765843849
hsi_airborne,414.13,0.0062660286626407755
hsi_airborne,417.32,0.0057566152270728125
hsi_airborne,420.52,0.0055795473982271256
hsi_airborne,423.72,0.005656313400692191
hsi_airborne,426.91,0.005749043068114003
hsi_airborne,430.11,0.005829125024310909
hsi_airborne,433.31,0.0055494713308879345
hsi_airborne,436.5,0.005375841209523596
hsi_airborne,439.7,0.005427610471820075
hsi_airborne,442.9,0.005611598953852072
hsi_airborne,446.09,0.005596750134753896
hsi_airborne,449.29,0.005389347115771746
hsi_airborne,452.49,0.005391749211576604
hsi_airborne,455.68,0.005331943637891739
hsi_airborne,458.88,0.00504226249514356
hsi_airborne,462.08,0.004832680345215126
hsi_airborne,465.27,0.004689638749542512
hsi_airborne,468.47,0.004631467763613521
hsi_airborne,471.67,0.004732701022077705
hsi_airborne,474.86,0.004774621006269845
hsi_airborne,478.06,0.00485407465536875
hsi_airborne,481.26,0.004901532851593731
hsi_airborne,484.45,0.0049177584152219605
hsi_airborne,487.65,0.004909768823744782
hsi_airborne,490.85,0.004874390326296615
hsi_airborne,494.04,0.004834520568802727
hsi_airborne,497.24,0.004787040760935081
hsi_airborne,500.43,0.0047450552193826255
hsi_airborne,503.63,0.004718201667397184
hsi_airborne,506.83,0.004702949845329701
hsi_airborne,510.03,0.0046741394982557465
hsi_airborne,513.22,0.0046618800594485435
hsi_airborne,516.42,0.0046450786117824445
hsi_airborne,519.61,0.004647836012715516
hsi_airborne,522.81,0.004641725338804091
hsi_airborne,526.01,0.004641784938091775
hsi_airborne,529.2,0.004659975636670121
hsi_airborne,532.4,0.004681515840961872
hsi_airborne,535.6,0.00470162601620605
hsi_airborne,538.79,0.004724543775954118
hsi_airborne,541.99,0.004733872930547718
hsi_airborne,545.19,0.004727703499254142
hsi_airborne,548.38,0.0046987168859512094
hsi_airborne,551.58,0.004661493904940925
hsi_airborne,554.78,0.004602305145895095
hsi_airborne,557.97,0.0045348032496350145
hsi_airborne,561.17,0.0044594764093435005
hsi_airborne,564.37,0.004390505047738207
hsi_airborne,567.56,0.004324981467955342
hsi_airborne,570.76,0.004253451305241233
hsi_airborne,573.96,0.004145708920252516
hsi_airborne,577.15,0.004065500331895938
hsi_airborne,580.35,0.004040151518101411
hsi_airborne,583.55,0.004033414265993995
hsi_airborne,586.74,0.0040334808235031475
hsi_airborne,589.94,0.004027218661956527
hsi_airborne,593.14,0.004031073753293612
hsi_airborne,596.33,0.0040375927576074035
hsi_airborne,599.53,0.004061994468993042
hsi_airborne,602.73,0.004069923667108715
hsi_airborne,605.92,0.00405105917283278
hsi_airborne,609.12,0.004021540746280844
hsi_airborne,612.32,0.004046689354301635
hsi_airborne,615.51,0.004046758020798717
hsi_airborne,618.71,0.004038043303281501
hsi_airborne,621.91,0.004021491613483792
hsi_airborne,625.1,0.004009733565308344
hsi_airborne,628.3,0.003997051832980463
hsi_airborne,631.5,0.003996151427508578
hsi_airborne,634.69,0.00400364880877672
hsi_airborne,637.89,0.003996360275203793
hsi_airborne,641.09,0.003995676402798854
hsi_airborne,644.28,0.0039836550855426815
hsi_airborne,647.48,0.003976961108661263
hsi_airborne,650.67,0.004004252651234708
hsi_airborne,653.87,0.004039223564545062
hsi_airborne,657.07,0.004079805310501535
hsi_airborne,660.27,0.004129930729866414
hsi_airborne,663.46,0.004205285919752409
hsi_airborne,666.66,0.004317303104139845
hsi_airborne,669.85,0.004388482125093862
hsi_airborne,673.05,0.0045438810581655345
hsi_airborne,676.25,0.004672051310077088
hsi_airborne,679.45,0.004714912126917989
hsi_airborne,682.64,0.00470516898760015
hsi_airborne,685.84,0.004654478642574715
hsi_airborne,689.03,0.004643190402908896
hsi_airborne,692.23,0.004645833901087082
hsi_airborne,695.43,0.0045918851551373496
hsi_airborne,698.62,0.004430815336971103
hsi_airborne,701.82,0.004190588697254832
hsi_airborne,705.02,0.003974835096927164
hsi_airborne,708.21,0.003860683073224196
hsi_airborne,711.41,0.0037282563392129504
hsi_airborne,714.61,0.0036207618813753847
hsi_airborne,717.8,0.0035434374215863977
hsi_airborne,721.0,0.003494992682326979
hsi_airborne,724.2,0.003477203391546124
hsi_airborne,727.39,0.0034743698635926264
hsi_airborne,730.59,0.003487308654006622
hsi_airborne,733.79,0.0035228092166208536
hsi_airborne,736.98,0.0035710960010934645
hsi_airborne,740.18,0.003623924109670279
hsi_airborne,743.38,0.0036587108594783773
hsi_airborne,746.57,0.0036669710991000027
hsi_airborne,749.77,0.0036479508368659815
hsi_airborne,752.97,0.0036117352353063
hsi_airborne,756.16,0.0035748560784565975
hsi_airborne,759.36,0.0035514023442138436
hsi_airborne,762.56,0.003542627462068187
hsi_airborne,765.75,0.0035370441192037177
hsi_airborne,768.95,0.0035320332678979807
hsi_airborne,772.15,0.003529659445982937
hsi_airborne,775.34,0.003533535987244015
hsi_airborne,778.54,0.003549525694266013
hsi_airborne,781.74,0.003570757791432391
hsi_airborne,784.93,0.003594321363347342
hsi_airborne,788.13,0.0036166840310207764
hsi_airborne,791.33,0.003623054265002377
hsi_airborne,794.52,0.003615014740231854
hsi_airborne,797.72,0.0036009558802713943
hsi_airborne,800.92,0.0035890346316559537
hsi_airborne,804.11,0.0035825775503076853
hsi_airborne,807.31,0.0035844955112223856
hsi_airborne,810.51,0.0035872214340517726
hsi_airborne,813.7,0.0035953216338455
hsi_airborne,816.9,0.003604590953467484
hsi_airborne,820.1,0.0036164469310808797
hsi_airborne,823.29,0.0036332166566562163
hsi_airborne,826.49,0.003649120409657376
hsi_airborne,829.68,0.0036743534622257364
hsi_airborne,832.88,0.003700503146964889
hsi_airborne,836.08,0.003725452738166617
hsi_airborne,839.28,0.0037587691383014106
hsi_airborne,842.47,0.0037663491953624046
hsi_airborne,845.67,0.0037708526280039825
hsi_airborne,848.86,0.0037883894868450045
hsi_airborne,852.06,0.0038157410962239404
hsi_airborne,855.26,0.003848443526361966
hsi_airborne,858.46,0.003875852329533044
hsi_airborne,861.65,0.0038936801580588924
hsi_airborne,864.85,0.0038951654863935343
hsi_airborne,868.04,0.003877655233461448
hsi_airborne,871.24,0.0038707990757125763
hsi_airborne,874.44,0.0038786293870283046
hsi_airborne,877.63,0.003882635676832427
hsi_airborne,880.83,0.0038880423211932226
hsi_airborne,884.03,0.0038486841896562193
hsi_airborne,887.22,0.0038089285212805383
hsi_airborne,890.42,0.0037772419764875347
hsi_airborne,893.62,0.00380990601761854
hsi_airborne,896.81,0.0038712087409378967
hsi_airborne,900.01,0.0039002486190808905
hsi_airborne,903.21,0.0038850680736610913
hsi_airborne,906.4,0.003831508406925182
hsi_airborne,909.6,0.0037863445082291615
hsi_airborne,912.8,0.003772783864161725
hsi_airborne,915.99,0.0037497737308326315
hsi_airborne,919.19,0.003726103221384902
hsi_airborne,922.39,0.003703571829056029
hsi_airborne,925.58,0.0036806835066942305
hsi_airborne,928.78,0.0036576932482006324
hsi_airborne,931.98,0.0036366335024048376
hsi_airborne,935.17,0.003617348610139273
hsi_airborne,938.37,0.003599499668674371
hsi_airborne,941.57,0.0035822571266676093
hsi_airborne,944.76,0.0035668531566797742
hsi_airborne,947.96,0.0035547236795946315
hsi_airborne,951.16,0.0035432396721490254
hsi_airborne,954.35,0.0035325895221682804
hsi_airborne,957.55,0.0035251761457200065
hsi_airborne,960.75,0.0035208056482992564
hsi_airborne,963.94,0.0035181647525114393
hsi_airborne,967.14,0.0035175116186429998
hsi_airborne,970.1,0.003517988917149788
hsi_airborne,975.54,0.003519616891741139
hsi_airborne,980.98,0.003525673159966054
hsi_airborne,986.42,0.003526036183082891
hsi_airborne,991.86,0.003549319483022646
hsi_airborne,997.3,0.0035870487433822896
hsi_airborne,1002.74,0.00363611432236331
hsi_airborne,1008.18,0.0036709524500617425
hsi_airborne,1013.62,0.0037115310254230553
hsi_airborne,1019.06,0.003866368848030079
hsi_airborne,1024.5,0.004203442648529655
hsi_airborne,1029.95,0.004498863478377657
hsi_airborne,1035.39,0.0044605351634255195
hsi_airborne,1040.83,0.004075248017365995
hsi_airborne,1046.27,0.003789819702725663
hsi_airborne,1051.71,0.004002010663614149
hsi_airborne,1057.15,0.004069075123665803
hsi_airborne,1062.59,0.003976664919734298
hsi_airborne,1068.03,0.004026317639178581
hsi_airborne,1073.47,0.004257793959293554
hsi_airborne,1078.91,0.0043548587116814695
hsi_airborne,1084.35,0.004282107628549736
hsi_airborne,1089.79,0.004143335951264647
hsi_airborne,1095.23,0.0040389177291077225
hsi_airborne,1100.67,0.004002661719475574
hsi_airborne,1106.11,0.003995946461860522
hsi_airborne,1111.55,0.003986925192945035
hsi_airborne,1116.99,0.003957560148554876
hsi_airborne,1122.43,0.003950257424079421
hsi_airborne,1127.87,0.003937588767353431
hsi_airborne,1133.32,0.003921823536753375
hsi_airborne,1138.76,0.00389460517379212
hsi_airborne,1144.2,0.0038657409619196202
hsi_airborne,1149.64,0.0038398964594652724
hsi_airborne,1155.08,0.0038218666383741905
hsi_airborne,1160.52,0.0038113487960103514
hsi_airborne,1165.96,0.00382615345250375
hsi_airborne,1171.4,0.0038624780695099537
hsi_airborne,1176.84,0.0038965854613634216
hsi_airborne,1182.28,0.0039208375541731
hsi_airborne,1187.72,0.00391033846696479
hsi_airborne,1193.16,0.0038540186711925003
hsi_airborne,1198.6,0.003789107139787095
hsi_airborne,1204.04,0.0037511297640953943
hsi_airborne,1209.48,0.003728169978390929
hsi_airborne,1214.92,0.0037274677007583133
hsi_airborne,1220.36,0.003736348777580731
hsi_airborne,1225.8,0.003731714473972359
hsi_airborne,1231.24,0.003725200765416944
hsi_airborne,1236.69,0.0037330378766271253
hsi_airborne,1242.13,0.003731225456369081
hsi_airborne,1247.57,0.0037227589158689454
hsi_airborne,1253.01,0.0038096506537669164
hsi_airborne,1258.45,0.003893859138952852
hsi_airborne,1263.89,0.003918376094441235
hsi_airborne,1269.33,0.003918335822949078
hsi_airborne,1274.77,0.003942621191631849
hsi_airborne,1280.21,0.003989423608304972
hsi_airborne,1285.65,0.004006942304800744
hsi_airborne,1291.09,0.003956218452866468
hsi_airborne,1296.53,0.0039271618839169355
hsi_airborne,1301.97,0.003984615359444593
hsi_airborne,1307.41,0.004034335417787316
hsi_airborne,1312.85,0.004044248344420951
hsi_airborne,1318.29,0.004082524167913117
hsi_airborne,1323.73,0.004157341838770234
hsi_airborne,1329.17,0.004274586304765888
hsi_airborne,1334.61,0.00440609973312276
hsi_airborne,1340.06,0.0045188917879138354
hsi_airborne,1345.5,0.004562297231406378
hsi_airborne,1350.94,0.004509108784163643
hsi_airborne,1356.38,0.004373280508993894
hsi_airborne,1361.82,0.004252495847262995
hsi_airborne,1367.26,0.004216262376247243
hsi_airborne,1372.7,0.004144458933788857
hsi_airborne,1378.14,0.004077917488444927
hsi_airborne,1383.58,0.004016839233826544
hsi_airborne,1389.02,0.00396852612826257
hsi_airborne,1394.46,0.003938653633987698
hsi_airborne,1399.9,0.003921662550656934
hsi_airborne,1405.34,0.003914281338170514
hsi_airborne,1410.78,0.003914652876977201
hsi_airborne,1416.22,0.003919450267899991
hsi_airborne,1421.66,0.003925783966845299
hsi_airborne,1427.1,0.003935013667760856
hsi_airborne,1432.54,0.0039515919354758755
hsi_airborne,1437.98,0.0039730541256776455
hsi_airborne,1443.43,0.003992426804012157
hsi_airborne,1448.87,0.004011141690655991
hsi_airborne,1454.31,0.004026708799719551
hsi_airborne,1459.75,0.0040342001950789234
hsi_airborne,1465.19,0.004063079346597628
hsi_airborne,1470.63,0.004110822297226937
hsi_airborne,1476.07,0.004171346971251834
hsi_airborne,1481.51,0.00429403441268323
hsi_airborne,1486.95,0.004380182422822989
hsi_airborne,1492.39,0.004421568245160944
hsi_airborne,1497.83,0.004422718081080045
hsi_airborne,1503.27,0.0044408821318596735
hsi_airborne,1508.71,0.004426641727000752
hsi_airborne,1514.15,0.004346672372952558
hsi_airborne,1519.59,0.004201138215844768
hsi_airborne,1525.03,0.00405234270099059
hsi_airborne,1530.47,0.003986634170027137
hsi_airborne,1535.91,0.003992155676610361
hsi_airborne,1541.35,0.004009293598837696
hsi_airborne,1546.8,0.004044798689195333
hsi_airborne,1552.24,0.004066909814966085
hsi_airborne,1557.68,0.004078886244924956
hsi_airborne,1563.12,0.0040915258664045535
hsi_airborne,1568.56,0.004113138655664816
hsi_airborne,1574.0,0.004079385797456886
hsi_airborne,1579.44,0.003996491856176501
hsi_airborne,1584.88,0.003924163937839888
hsi_airborne,1590.32,0.003898023602413497
hsi_airborne,1595.76,0.003915924982506962
hsi_airborne,1601.2,0.003950789338975946
hsi_airborne,1606.64,0.0039923060581300495
hsi_airborne,1612.08,0.0040264587443565635
hsi_airborne,1617.52,0.004063723635055731
hsi_airborne,1622.96,0.004108666381843482
hsi_airborne,1628.4,0.0041612071250757355
hsi_airborne,1633.84,0.004201585654228209
hsi_airborne,1639.28,0.004238169426557252
hsi_airborne,1644.72,0.004244890689542964
hsi_airborne,1650.17,0.004239709367982796
hsi_airborne,1655.61,0.004237008348924838
hsi_airborne,1661.05,0.004225298861955438
hsi_airborne,1666.49,0.004206534194911082
hsi_airborne,1671.93,0.004174723489652083
hsi_airborne,1677.37,0.004135990765072853
hsi_airborne,1682.81,0.004108647089716186
hsi_airborne,1688.25,0.004077506859597583
hsi_airborne,1693.69,0.004040469747211802
hsi_airborne,1699.13,0.004018312017409398
hsi_airborne,1704.57,0.003990477474107827
hsi_airborne,1710.01,0.003956335909532996
hsi_airborne,1715.45,0.003919629650546488
hsi_airborne,1720.89,0.003892633889381118
hsi_airborne,1726.33,0.003870248914564152
hsi_airborne,1731.77,0.003896324251309128
hsi_airborne,1737.21,0.003940719972826209
hsi_airborne,1742.65,0.00400155951453093
hsi_airborne,1748.09,0.00405848198294927
hsi_airborne,1753.54,0.004096474159906762
hsi_airborne,1758.98,0.004072183545955821
hsi_airborne,1764.42,0.004030332687420141
hsi_airborne,1769.86,0.003993859423836359
hsi_airborne,1775.3,0.004017606328907179
hsi_airborne,1780.74,0.004073744833780838
hsi_airborne,1786.18,0.0041318696258730815
hsi_airborne,1791.62,0.004143951235934606
hsi_airborne,1797.06,0.004105139990856153
hsi_airborne,1802.5,0.004042316755060423
hsi_airborne,1807.94,0.00395289191800958
hsi_airborne,1813.38,0.003932100588937989
hsi_airborne,1818.82,0.003979430284116051
hsi_airborne,1824.26,0.004071254864380673
hsi_airborne,1829.7,0.004178971155381718
hsi_airborne,1835.14,0.004229780656805289
hsi_airborne,1840.58,0.004205060625647566
hsi_airborne,1846.02,0.004155203102046765
hsi_airborne,1851.46,0.004100998010656538
hsi_airborne,1856.91,0.004061128609408224
hsi_airborne,1862.35,0.004044894429303043
hsi_airborne,1867.79,0.004030276216516651
hsi_airborne,1873.23,0.004026612721567214
hsi_airborne,1878.67,0.004027847274403774
hsi_airborne,1884.11,0.004041476586406283
hsi_airborne,1889.55,0.00406510108679214
hsi_airborne,1894.99,0.004095190056326516
hsi_airborne,1900.43,0.00413236395606699
hsi_airborne,1905.87,0.004175784683901776
hsi_airborne,1911.31,0.004224321391234327
hsi_airborne,1916.75,0.004277164511966358
hsi_airborne,1922.19,0.004334482829933894
hsi_airborne,1927.63,0.00439497620330858
hsi_airborne,1933.07,0.0044589975520770405
hsi_airborne,1938.51,0.0045259174015233675
hsi_airborne,1943.95,0.004596415379513053
hsi_airborne,1949.39,0.004668451365741132
hsi_airborne,1954.83,0.004744565695722712
hsi_airborne,1960.28,0.004829094730960313
hsi_airborne,1965.72,0.004919906157660417
hsi_airborne,1971.16,0.00500262898169696
hsi_airborne,1976.6,0.004947061135261603
hsi_airborne,1982.04,0.005727137116928452
hsi_airborne,1987.48,0.005565153231804071
hsi_airborne,1992.92,0.005472827126195893
hsi_airborne,1998.36,0.0056991309573333855
hsi_airborne,2003.8,0.005818905743126814
hsi_airborne,2009.24,0.005660844658643461
hsi_airborne,2014.68,0.005438217436793983
hsi_airborne,2020.12,0.005783286423138403
hsi_airborne,2025.56,0.006413124806586512
hsi_airborne,2031.0,0.006944043015993187
hsi_airborne,2036.44,0.005931826578098381
hsi_airborne,2041.88,0.004826445731479467
hsi_airborne,2047.32,0.004918092751186883
hsi_airborne,2052.76,0.004787584096079058
hsi_airborne,2058.2,0.004778715794012227
hsi_airborne,2063.65,0.004837247320262393
hsi_airborne,2069.09,0.0049869839067819355
hsi_airborne,2074.53,0.005165339127741165
hsi_airborne,2079.97,0.005251474938116387
hsi_airborne,2085.41,0.005232747924663631
hsi_airborne,2090.85,0.005185104235966892
hsi_airborne,2096.29,0.005198402403654305
hsi_airborne,2101.73,0.0051566454409588385
hsi_airborne,2107.17,0.005143124914789248
hsi_airborne,2112.61,0.005126694762305326
hsi_airborne,2118.05,0.00510172393294724
hsi_airborne,2123.49,0.005088584075705629
hsi_airborne,2128.93,0.005065296056881955
hsi_airborne,2134.37,0.005023339294168843
hsi_airborne,2139.81,0.004967675749844741
hsi_airborne,2145.25,0.00494384589108759
hsi_airborne,2150.69,0.004914602704198568
hsi_airborne,2156.13,0.004866692366103462
hsi_airborne,2161.57,0.004771452151089155
hsi_airborne,2167.02,0.004696944124106031
hsi_airborne,2172.46,0.0046403054159771355
hsi_airborne,2177.9,0.004594104641317365
hsi_airborne,2183.34,0.004523161920709644
hsi_airborne,2188.78,0.004507637208672648
hsi_airborne,2194.22,0.00456385339530862
hsi_airborne,2199.66,0.004676343321244996
hsi_airborne,2205.1,0.004778131391440667
hsi_airborne,2210.54,0.004857678468212233
hsi_airborne,2215.98,0.004849950661560121
hsi_airborne,2221.42,0.004759388148385438
hsi_airborne,2226.86,0.0046613224201002106
hsi_airborne,2232.3,0.004562831251506901
hsi_airborne,2237.74,0.004504757390628198
hsi_airborne,2243.18,0.0045084561253747974
hsi_airborne,2248.62,0.004581896364204999
hsi_airborne,2254.06,0.004726570530403216
hsi_airborne,2259.5,0.004923270380865472
hsi_airborne,2264.94,0.005146030061989385
hsi_airborne,2270.39,0.005340198511314834
hsi_airborne,2275.83,0.005430949361486238
hsi_airborne,2281.27,0.005450444898474064
hsi_airborne,2286.71,0.005422434412716706
hsi_airborne,2292.15,0.0053746415105862064
hsi_airborne,2297.59,0.00539516160902603
hsi_airborne,2303.03,0.005416704618785815
hsi_airborne,2308.47,0.005502096328124384
hsi_airborne,2313.91,0.005623600138850401
hsi_airborne,2319.35,0.005655359229936024
hsi_airborne,2324.79,0.005671915425075255
hsi_airborne,2330.23,0.005636211297151388
hsi_airborne,2335.67,0.005676945376316319
hsi_airborne,2341.11,0.005720902736917691
hsi_airborne,2346.55,0.00577120554574091
hsi_airborne,2351.99,0.005827323474928321
hsi_airborne,2357.43,0.005879622939346474
